USE UNIVERSITY;

INSERT COURSES 
VALUES 
('C++', 'Learn Ñ++'),
('C#', 'Learn Ñ#'),
('Java', 'Learn Java'),
('PHP', 'Learn PHP'),
('Swift', 'Learn Swift'),
('JavaScript', 'Learn JavaScript '),
('HTML', 'Learn HTML'),
('CSS', 'Learn ÑSS'),
('Go', 'Learn Go'),
('Rudy', 'Learn Ruby'),
('Python', 'Learn Python'),
('Data science', 'Learn Data science'),
('QA', 'Learn QA'),
('SQL', 'Learn SQL'),
('UML', 'Learn UML');
GO

USE UNIVERSITY;
INSERT INTO GROUPS (COURSE_ID,NAME)
VALUES 
(1,'SR-01'),
(2,'V-21'),
(3,'M-11'),
(4,'ER-1'),
(5,'AS-651'),
(6,'QW-541'),
(7,'PP-754'),
(8,'Tre-56'),
(9,'HG-7654'),
(10,'DF-87'),
(11,'POJ-53'),
(12,'QW-31'),
(13,'RT-32'),
(14,'TY-356'),
(15,'AS-33');
GO

USE UNIVERSITY;
INSERT INTO STUDENTS([GROUP_ID],[FIRST_NAME],[LAST_NAME]) VALUES(12,'Ora','Haviva');
INSERT INTO STUDENTS([GROUP_ID],[FIRST_NAME],[LAST_NAME]) VALUES(15,'Lyle','Kaitlin');
INSERT INTO STUDENTS([GROUP_ID],[FIRST_NAME],[LAST_NAME]) VALUES(2,'Harding','Leroy');
INSERT INTO STUDENTS([GROUP_ID],[FIRST_NAME],[LAST_NAME]) VALUES(15,'David','Kimberley');
INSERT INTO STUDENTS([GROUP_ID],[FIRST_NAME],[LAST_NAME]) VALUES(5,'Alisa','Price');
INSERT INTO STUDENTS([GROUP_ID],[FIRST_NAME],[LAST_NAME]) VALUES(14,'Ila','Daniel');
INSERT INTO STUDENTS([GROUP_ID],[FIRST_NAME],[LAST_NAME]) VALUES(10,'Lunea','Dara');
INSERT INTO STUDENTS([GROUP_ID],[FIRST_NAME],[LAST_NAME]) VALUES(14,'Basia','Quincy');
INSERT INTO STUDENTS([GROUP_ID],[FIRST_NAME],[LAST_NAME]) VALUES(14,'Kiona','Lamar');
INSERT INTO STUDENTS([GROUP_ID],[FIRST_NAME],[LAST_NAME]) VALUES(5,'Aquila','Bruce');
INSERT INTO STUDENTS([GROUP_ID],[FIRST_NAME],[LAST_NAME]) VALUES(12,'Rigel','Quin');
INSERT INTO STUDENTS([GROUP_ID],[FIRST_NAME],[LAST_NAME]) VALUES(7,'Jaime','Porter');
INSERT INTO STUDENTS([GROUP_ID],[FIRST_NAME],[LAST_NAME]) VALUES(12,'Mary','Calista');
INSERT INTO STUDENTS([GROUP_ID],[FIRST_NAME],[LAST_NAME]) VALUES(11,'Magee','Aurora');
INSERT INTO STUDENTS([GROUP_ID],[FIRST_NAME],[LAST_NAME]) VALUES(12,'Roary','Vance');
INSERT INTO STUDENTS([GROUP_ID],[FIRST_NAME],[LAST_NAME]) VALUES(11,'Perry','Fatima');
INSERT INTO STUDENTS([GROUP_ID],[FIRST_NAME],[LAST_NAME]) VALUES(1,'Winter','Dieter');
INSERT INTO STUDENTS([GROUP_ID],[FIRST_NAME],[LAST_NAME]) VALUES(13,'Elizabeth','Destiny');
INSERT INTO STUDENTS([GROUP_ID],[FIRST_NAME],[LAST_NAME]) VALUES(14,'Sheila','Andrew');
INSERT INTO STUDENTS([GROUP_ID],[FIRST_NAME],[LAST_NAME]) VALUES(12,'Michelle','Delilah');
INSERT INTO STUDENTS([GROUP_ID],[FIRST_NAME],[LAST_NAME]) VALUES(3,'Ryder','Abbot');
INSERT INTO STUDENTS([GROUP_ID],[FIRST_NAME],[LAST_NAME]) VALUES(5,'Illiana','Vielka');
INSERT INTO STUDENTS([GROUP_ID],[FIRST_NAME],[LAST_NAME]) VALUES(5,'Thane','Rhoda');
INSERT INTO STUDENTS([GROUP_ID],[FIRST_NAME],[LAST_NAME]) VALUES(9,'Kiayada','Jocelyn');
INSERT INTO STUDENTS([GROUP_ID],[FIRST_NAME],[LAST_NAME]) VALUES(9,'Wing','Keiko');
INSERT INTO STUDENTS([GROUP_ID],[FIRST_NAME],[LAST_NAME]) VALUES(15,'Colin','Yoshi');
INSERT INTO STUDENTS([GROUP_ID],[FIRST_NAME],[LAST_NAME]) VALUES(13,'Tate','Clark');
INSERT INTO STUDENTS([GROUP_ID],[FIRST_NAME],[LAST_NAME]) VALUES(5,'Hadassah','Blair');
INSERT INTO STUDENTS([GROUP_ID],[FIRST_NAME],[LAST_NAME]) VALUES(12,'Whilemina','Sydnee');
INSERT INTO STUDENTS([GROUP_ID],[FIRST_NAME],[LAST_NAME]) VALUES(5,'Lesley','Rylee');
INSERT INTO STUDENTS([GROUP_ID],[FIRST_NAME],[LAST_NAME]) VALUES(1,'Courtney','Claudia');
INSERT INTO STUDENTS([GROUP_ID],[FIRST_NAME],[LAST_NAME]) VALUES(1,'Reese','Carson');
INSERT INTO STUDENTS([GROUP_ID],[FIRST_NAME],[LAST_NAME]) VALUES(6,'Prescott','Zeus');
INSERT INTO STUDENTS([GROUP_ID],[FIRST_NAME],[LAST_NAME]) VALUES(15,'Geraldine','Priscilla');
INSERT INTO STUDENTS([GROUP_ID],[FIRST_NAME],[LAST_NAME]) VALUES(7,'Kiona','Debra');
INSERT INTO STUDENTS([GROUP_ID],[FIRST_NAME],[LAST_NAME]) VALUES(1,'Tarik','Ralph');
INSERT INTO STUDENTS([GROUP_ID],[FIRST_NAME],[LAST_NAME]) VALUES(6,'Colleen','Brynn');
INSERT INTO STUDENTS([GROUP_ID],[FIRST_NAME],[LAST_NAME]) VALUES(1,'Philip','Blythe');
INSERT INTO STUDENTS([GROUP_ID],[FIRST_NAME],[LAST_NAME]) VALUES(6,'Odysseus','Kenneth');
INSERT INTO STUDENTS([GROUP_ID],[FIRST_NAME],[LAST_NAME]) VALUES(14,'Victor','Blaze');
INSERT INTO STUDENTS([GROUP_ID],[FIRST_NAME],[LAST_NAME]) VALUES(1,'Rina','Renee');
INSERT INTO STUDENTS([GROUP_ID],[FIRST_NAME],[LAST_NAME]) VALUES(8,'Madeson','Jocelyn');
INSERT INTO STUDENTS([GROUP_ID],[FIRST_NAME],[LAST_NAME]) VALUES(10,'Xerxes','Jackson');
INSERT INTO STUDENTS([GROUP_ID],[FIRST_NAME],[LAST_NAME]) VALUES(11,'Denton','Courtney');
INSERT INTO STUDENTS([GROUP_ID],[FIRST_NAME],[LAST_NAME]) VALUES(2,'Keaton','Riley');
INSERT INTO STUDENTS([GROUP_ID],[FIRST_NAME],[LAST_NAME]) VALUES(14,'Axel','Daquan');
INSERT INTO STUDENTS([GROUP_ID],[FIRST_NAME],[LAST_NAME]) VALUES(12,'Hashim','Ryan');
INSERT INTO STUDENTS([GROUP_ID],[FIRST_NAME],[LAST_NAME]) VALUES(1,'Shay','Leo');
INSERT INTO STUDENTS([GROUP_ID],[FIRST_NAME],[LAST_NAME]) VALUES(9,'Fredericka','Ulric');
INSERT INTO STUDENTS([GROUP_ID],[FIRST_NAME],[LAST_NAME]) VALUES(8,'Jolene','Jakeem');
INSERT INTO STUDENTS([GROUP_ID],[FIRST_NAME],[LAST_NAME]) VALUES(15,'William','Glenna');
INSERT INTO STUDENTS([GROUP_ID],[FIRST_NAME],[LAST_NAME]) VALUES(10,'Chaney','Tasha');
INSERT INTO STUDENTS([GROUP_ID],[FIRST_NAME],[LAST_NAME]) VALUES(5,'Tanek','Ralph');
INSERT INTO STUDENTS([GROUP_ID],[FIRST_NAME],[LAST_NAME]) VALUES(14,'Scarlet','Ingrid');
INSERT INTO STUDENTS([GROUP_ID],[FIRST_NAME],[LAST_NAME]) VALUES(8,'Lila','Magee');
INSERT INTO STUDENTS([GROUP_ID],[FIRST_NAME],[LAST_NAME]) VALUES(4,'Troy','Kimberley');
INSERT INTO STUDENTS([GROUP_ID],[FIRST_NAME],[LAST_NAME]) VALUES(6,'Alec','Savannah');
INSERT INTO STUDENTS([GROUP_ID],[FIRST_NAME],[LAST_NAME]) VALUES(8,'Paula','Amela');
INSERT INTO STUDENTS([GROUP_ID],[FIRST_NAME],[LAST_NAME]) VALUES(8,'Vivien','Emery');
INSERT INTO STUDENTS([GROUP_ID],[FIRST_NAME],[LAST_NAME]) VALUES(7,'Kevin','Frances');
INSERT INTO STUDENTS([GROUP_ID],[FIRST_NAME],[LAST_NAME]) VALUES(10,'Adele','Gareth');
INSERT INTO STUDENTS([GROUP_ID],[FIRST_NAME],[LAST_NAME]) VALUES(11,'Haviva','Beck');
INSERT INTO STUDENTS([GROUP_ID],[FIRST_NAME],[LAST_NAME]) VALUES(6,'Velma','Reese');
INSERT INTO STUDENTS([GROUP_ID],[FIRST_NAME],[LAST_NAME]) VALUES(12,'Sheila','Marsden');
INSERT INTO STUDENTS([GROUP_ID],[FIRST_NAME],[LAST_NAME]) VALUES(7,'Emery','Isabella');
INSERT INTO STUDENTS([GROUP_ID],[FIRST_NAME],[LAST_NAME]) VALUES(6,'Finn','Benedict');
INSERT INTO STUDENTS([GROUP_ID],[FIRST_NAME],[LAST_NAME]) VALUES(12,'Adrian','Amal');
INSERT INTO STUDENTS([GROUP_ID],[FIRST_NAME],[LAST_NAME]) VALUES(6,'Echo','Joshua');
INSERT INTO STUDENTS([GROUP_ID],[FIRST_NAME],[LAST_NAME]) VALUES(7,'Jemima','Thane');
INSERT INTO STUDENTS([GROUP_ID],[FIRST_NAME],[LAST_NAME]) VALUES(3,'Whoopi','Xantha');
INSERT INTO STUDENTS([GROUP_ID],[FIRST_NAME],[LAST_NAME]) VALUES(11,'Lee','Charles');
INSERT INTO STUDENTS([GROUP_ID],[FIRST_NAME],[LAST_NAME]) VALUES(3,'Ethan','Moses');
INSERT INTO STUDENTS([GROUP_ID],[FIRST_NAME],[LAST_NAME]) VALUES(12,'Laurel','Buffy');
INSERT INTO STUDENTS([GROUP_ID],[FIRST_NAME],[LAST_NAME]) VALUES(3,'Maggy','Devin');
INSERT INTO STUDENTS([GROUP_ID],[FIRST_NAME],[LAST_NAME]) VALUES(3,'Hayden','Clio');
INSERT INTO STUDENTS([GROUP_ID],[FIRST_NAME],[LAST_NAME]) VALUES(8,'Georgia','Yvonne');
INSERT INTO STUDENTS([GROUP_ID],[FIRST_NAME],[LAST_NAME]) VALUES(2,'Bert','Lynn');
INSERT INTO STUDENTS([GROUP_ID],[FIRST_NAME],[LAST_NAME]) VALUES(2,'Nita','Summer');
INSERT INTO STUDENTS([GROUP_ID],[FIRST_NAME],[LAST_NAME]) VALUES(3,'Avye','Jescie');
INSERT INTO STUDENTS([GROUP_ID],[FIRST_NAME],[LAST_NAME]) VALUES(9,'Dacey','Uma');
INSERT INTO STUDENTS([GROUP_ID],[FIRST_NAME],[LAST_NAME]) VALUES(2,'Yeo','Acton');
INSERT INTO STUDENTS([GROUP_ID],[FIRST_NAME],[LAST_NAME]) VALUES(4,'Kamal','Jayme');
INSERT INTO STUDENTS([GROUP_ID],[FIRST_NAME],[LAST_NAME]) VALUES(2,'Xenos','Holmes');
INSERT INTO STUDENTS([GROUP_ID],[FIRST_NAME],[LAST_NAME]) VALUES(4,'Rudyard','Cleo');
INSERT INTO STUDENTS([GROUP_ID],[FIRST_NAME],[LAST_NAME]) VALUES(8,'Kalia','Carissa');
INSERT INTO STUDENTS([GROUP_ID],[FIRST_NAME],[LAST_NAME]) VALUES(8,'Desiree','Sacha');
INSERT INTO STUDENTS([GROUP_ID],[FIRST_NAME],[LAST_NAME]) VALUES(5,'Channing','Hiram');
INSERT INTO STUDENTS([GROUP_ID],[FIRST_NAME],[LAST_NAME]) VALUES(1,'Solomon','Anne');
INSERT INTO STUDENTS([GROUP_ID],[FIRST_NAME],[LAST_NAME]) VALUES(1,'Kane','Tatum');
INSERT INTO STUDENTS([GROUP_ID],[FIRST_NAME],[LAST_NAME]) VALUES(15,'Holly','Kelly');
INSERT INTO STUDENTS([GROUP_ID],[FIRST_NAME],[LAST_NAME]) VALUES(12,'Holmes','Evelyn');
INSERT INTO STUDENTS([GROUP_ID],[FIRST_NAME],[LAST_NAME]) VALUES(6,'Camilla','Cadman');
INSERT INTO STUDENTS([GROUP_ID],[FIRST_NAME],[LAST_NAME]) VALUES(4,'Honorato','Sandra');
INSERT INTO STUDENTS([GROUP_ID],[FIRST_NAME],[LAST_NAME]) VALUES(5,'Geoffrey','Lysandra');
INSERT INTO STUDENTS([GROUP_ID],[FIRST_NAME],[LAST_NAME]) VALUES(6,'Madaline','Armando');
INSERT INTO STUDENTS([GROUP_ID],[FIRST_NAME],[LAST_NAME]) VALUES(3,'Noelani','Boris');
INSERT INTO STUDENTS([GROUP_ID],[FIRST_NAME],[LAST_NAME]) VALUES(5,'Yolanda','Channing');
INSERT INTO STUDENTS([GROUP_ID],[FIRST_NAME],[LAST_NAME]) VALUES(1,'Leandra','Connor');
INSERT INTO STUDENTS([GROUP_ID],[FIRST_NAME],[LAST_NAME]) VALUES(8,'Lucius','Nerea');
INSERT INTO STUDENTS([GROUP_ID],[FIRST_NAME],[LAST_NAME]) VALUES(4,'Hermione','Donovan');